Customer_ID,Age,Gender,City,Subscription_Type,Monthly_Fee,Contract_Length,Support_Tickets,Login_Frequency,Payment_Method,Customer_Satisfaction,Churn
C00001,60,Male,Cairo,Standard,20,12,5,25,Visa,7,No
C00002,58,Male,Cairo,Basic,30,6,10,7,Wallet,4,Yes
C00003,37,Female,Giza,Standard,20,1,9,30,Wallet,7,Yes
C00004,33,Male,Cairo,Basic,20,6,0,29,Cash,7,No
C00005,37,Male,Alexandria,Standard,10,1,10,29,Wallet,2,Yes
C00006,55,Female,Giza,Basic,20,6,1,3,Visa,5,No
C00007,51,Female,Mansoura,Basic,30,6,9,17,Visa,5,Yes
C00008,35,Male,Giza,Premium,10,6,6,14,Mastercard,5,No
C00009,54,Female,Alexandria,Basic,20,12,4,20,Cash,4,No
C00010,40,Male,Alexandria,Standard,30,3,1,6,Mastercard,2,Yes
C00011,62,Male,Alexandria,Standard,50,12,8,16,Visa,3,Yes
C00012,34,Female,Alexandria,Basic,30,1,2,20,Visa,5,No
C00013,55,Male,Giza,Standard,10,1,8,30,Wallet,4,Yes
C00014,45,Male,Mansoura,Standard,30,1,2,7,Wallet,9,No
C00015,50,Female,Mansoura,Standard,30,12,9,18,Mastercard,3,Yes
C00016,54,Female,Mansoura,Basic,50,3,7,15,Mastercard,10,No
C00017,23,Male,Cairo,Basic,20,3,9,8,Mastercard,10,Yes
C00018,18,Female,Cairo,Standard,20,6,7,21,Wallet,6,No
C00019,49,Male,Alexandria,Basic,50,3,5,26,Mastercard,5,No
C00020,33,Female,Mansoura,Standard,10,6,9,10,Cash,3,Yes
C00021,35,Male,Alexandria,Premium,20,3,9,12,Cash,10,Yes
C00022,26,Female,Giza,Basic,30,6,9,11,Visa,10,Yes
C00023,62,Female,Giza,Standard,20,3,10,22,Cash,6,Yes
C00024,19,Female,Tanta,Basic,30,3,5,11,Cash,9,No
C00025,47,Male,Giza,Basic,30,12,7,21,Visa,2,No
C00026,31,Male,Giza,Premium,20,1,6,1,Cash,8,No
C00027,39,Female,Alexandria,Standard,50,12,10,16,Cash,6,Yes
C00028,36,Male,Alexandria,Basic,10,3,7,16,Visa,8,No
C00029,26,Female,Giza,Basic,20,6,10,9,Cash,6,Yes
C00030,39,Male,Mansoura,Standard,30,1,1,4,Cash,2,Yes
C00031,61,Male,Cairo,Basic,50,6,10,11,Mastercard,2,Yes
C00032,39,Female,Mansoura,Standard,10,1,0,9,Cash,2,Yes
C00033,27,Female,Mansoura,Standard,30,6,4,23,Mastercard,2,No
C00034,40,Male,Mansoura,Standard,50,12,3,13,Cash,2,No
C00035,19,Female,Tanta,Basic,20,1,4,1,Wallet,5,No
C00036,43,Female,Alexandria,Standard,30,6,4,20,Wallet,8,No
C00037,26,Female,Cairo,Standard,30,12,6,12,Mastercard,10,No
C00038,38,Male,Giza,Standard,10,12,8,23,Wallet,6,Yes
C00039,22,Female,Alexandria,Basic,50,12,7,13,Mastercard,5,No
C00040,64,Female,Giza,Standard,50,6,10,11,Mastercard,4,Yes
C00041,18,Female,Giza,Standard,10,3,0,21,Wallet,1,No
C00042,58,Male,Cairo,Basic,50,3,2,18,Wallet,10,No
C00043,22,Female,Giza,Premium,10,12,8,9,Mastercard,10,Yes
C00044,41,Female,Tanta,Premium,50,1,0,10,Cash,5,No
C00045,18,Male,Cairo,Premium,20,12,9,23,Mastercard,7,Yes
C00046,55,Male,Tanta,Premium,20,12,0,2,Mastercard,2,Yes
C00047,30,Female,Cairo,Standard,10,1,4,3,Mastercard,5,No
C00048,50,Male,Mansoura,Basic,30,6,6,13,Wallet,6,No
C00049,48,Male,Tanta,Premium,50,3,0,12,Mastercard,8,No
C00050,26,Male,Cairo,Standard,20,1,2,2,Mastercard,7,No
C00051,53,Female,Mansoura,Standard,10,3,9,10,Visa,7,Yes
C00052,57,Female,Tanta,Standard,20,1,7,30,Visa,9,No
C00053,34,Male,Cairo,Basic,50,6,0,4,Wallet,7,No
C00054,57,Female,Giza,Standard,20,1,1,7,Wallet,6,No
C00055,29,Male,Giza,Premium,20,1,10,15,Cash,6,Yes
C00056,53,Male,Alexandria,Basic,10,6,1,22,Wallet,4,No
C00057,62,Male,Tanta,Standard,10,6,9,18,Cash,9,Yes
C00058,22,Male,Giza,Premium,20,6,0,4,Visa,3,Yes
C00059,23,Female,Cairo,Premium,50,6,5,15,Cash,7,No
C00060,41,Male,Tanta,Standard,10,3,5,8,Cash,2,Yes
C00061,54,Female,Alexandria,Basic,10,6,2,30,Mastercard,7,No
C00062,45,Male,Cairo,Standard,10,1,8,4,Cash,9,Yes
C00063,60,Female,Giza,Standard,50,6,8,2,Mastercard,5,Yes
C00064,27,Female,Cairo,Premium,10,1,0,10,Visa,8,No
C00065,63,Male,Cairo,Basic,30,1,8,3,Mastercard,5,Yes
C00066,56,Female,Giza,Standard,30,1,1,22,Visa,2,No
C00067,30,Male,Alexandria,Standard,30,6,7,16,Visa,5,No
C00068,53,Male,Alexandria,Standard,50,6,8,15,Wallet,4,Yes
C00069,33,Female,Mansoura,Basic,20,12,3,14,Wallet,1,No
C00070,32,Male,Tanta,Premium,10,6,9,4,Visa,7,Yes
C00071,18,Female,Alexandria,Premium,20,6,2,13,Wallet,4,No
C00072,40,Male,Mansoura,Premium,30,1,10,3,Wallet,3,Yes
C00073,64,Female,Giza,Standard,30,6,10,11,Cash,7,Yes
C00074,50,Male,Cairo,Standard,30,6,9,30,Mastercard,10,Yes
C00075,59,Female,Cairo,Premium,50,12,7,21,Wallet,3,No
C00076,28,Male,Mansoura,Basic,20,12,6,2,Wallet,3,Yes
C00077,34,Male,Tanta,Basic,10,12,3,17,Visa,4,No
C00078,26,Male,Tanta,Basic,10,1,6,11,Mastercard,7,No
C00079,19,Female,Cairo,Standard,20,12,8,14,Visa,2,Yes
C00080,48,Male,Alexandria,Standard,20,6,1,10,Wallet,1,No
C00081,50,Male,Mansoura,Premium,30,1,9,19,Cash,3,Yes
C00082,33,Male,Tanta,Premium,10,3,0,28,Cash,2,No
C00083,48,Female,Cairo,Premium,20,3,1,22,Cash,10,No
C00084,39,Male,Cairo,Standard,10,6,8,9,Cash,1,Yes
C00085,19,Male,Mansoura,Premium,30,6,6,9,Cash,7,No
C00086,55,Female,Cairo,Premium,30,12,1,8,Cash,1,Yes
C00087,48,Male,Alexandria,Premium,20,1,9,18,Mastercard,9,Yes
C00088,41,Female,Alexandria,Basic,10,6,10,30,Mastercard,3,Yes
C00089,52,Female,Alexandria,Basic,50,12,1,17,Wallet,8,No
C00090,57,Male,Mansoura,Basic,20,1,5,24,Visa,2,No
C00091,52,Female,Mansoura,Standard,10,6,0,10,Visa,8,No
C00092,44,Male,Tanta,Premium,10,3,3,6,Wallet,8,No
C00093,60,Female,Giza,Standard,20,1,7,16,Wallet,4,No
C00094,28,Male,Giza,Basic,20,1,8,5,Visa,2,Yes
C00095,37,Male,Mansoura,Premium,20,12,4,1,Cash,4,Yes
C00096,25,Male,Giza,Basic,30,6,1,20,Visa,8,No
C00097,55,Male,Mansoura,Basic,10,6,2,16,Visa,4,No
C00098,39,Male,Cairo,Premium,30,1,5,25,Mastercard,7,No
C00099,29,Female,Tanta,Premium,20,1,10,7,Visa,7,Yes
C00100,32,Female,Giza,Premium,30,1,3,27,Visa,6,No
C00101,45,Male,Cairo,Premium,20,12,4,28,Mastercard,5,No
C00102,32,Male,Tanta,Standard,20,3,2,11,Mastercard,3,No
C00103,51,Male,Alexandria,Basic,50,12,8,13,Wallet,5,Yes
C00104,19,Male,Tanta,Basic,10,3,1,4,Visa,5,No
C00105,25,Male,Mansoura,Premium,30,3,3,5,Cash,3,Yes
C00106,54,Female,Cairo,Basic,10,12,8,16,Cash,10,Yes
C00107,30,Female,Cairo,Basic,20,6,7,23,Wallet,4,No
C00108,24,Female,Cairo,Basic,30,1,3,10,Wallet,5,No
C00109,54,Female,Mansoura,Premium,50,6,3,23,Cash,1,No
C00110,42,Female,Giza,Premium,20,3,4,13,Visa,7,No
C00111,31,Male,Tanta,Standard,30,6,3,1,Mastercard,7,No
C00112,48,Female,Giza,Standard,50,1,0,3,Mastercard,4,Yes
C00113,20,Female,Cairo,Premium,30,12,10,14,Visa,7,Yes
C00114,19,Male,Alexandria,Premium,20,12,9,17,Visa,2,Yes
C00115,35,Female,Mansoura,Premium,20,12,4,5,Visa,9,No
C00116,22,Female,Alexandria,Basic,50,6,0,29,Wallet,6,No
C00117,51,Male,Tanta,Basic,20,3,5,17,Cash,9,No
C00118,58,Female,Alexandria,Premium,20,6,0,7,Wallet,5,No
C00119,39,Female,Mansoura,Standard,30,3,6,21,Mastercard,10,No
C00120,51,Male,Cairo,Basic,30,3,9,19,Wallet,6,Yes
C00121,62,Male,Alexandria,Basic,50,3,1,30,Wallet,10,No
C00122,34,Male,Mansoura,Premium,10,6,2,8,Cash,6,No
C00123,27,Female,Tanta,Basic,20,1,2,24,Wallet,8,No
C00124,43,Female,Mansoura,Basic,50,6,3,2,Cash,6,No
C00125,20,Female,Alexandria,Premium,20,6,7,28,Visa,5,No
C00126,57,Male,Mansoura,Basic,30,6,2,24,Cash,2,No
C00127,60,Male,Tanta,Standard,20,1,8,25,Wallet,1,Yes
C00128,21,Female,Alexandria,Basic,10,3,6,16,Mastercard,1,No
C00129,35,Male,Tanta,Premium,20,6,4,29,Visa,2,No
C00130,27,Female,Alexandria,Premium,50,3,1,20,Mastercard,4,No
C00131,20,Female,Alexandria,Standard,20,3,2,7,Wallet,2,Yes
C00132,41,Female,Alexandria,Standard,10,6,2,14,Cash,10,No
C00133,65,Male,Tanta,Standard,20,1,10,21,Mastercard,6,Yes
C00134,31,Male,Cairo,Premium,30,12,5,4,Cash,5,No
C00135,64,Male,Alexandria,Basic,20,1,9,19,Visa,7,Yes
C00136,65,Female,Giza,Standard,30,1,0,5,Cash,4,Yes
C00137,39,Female,Alexandria,Standard,20,12,5,23,Cash,10,No
C00138,51,Female,Cairo,Standard,10,3,6,4,Cash,6,No
C00139,32,Female,Giza,Basic,30,6,4,23,Visa,6,No
C00140,21,Male,Alexandria,Basic,10,3,10,11,Wallet,3,Yes
C00141,56,Male,Giza,Premium,50,3,2,1,Visa,2,Yes
C00142,40,Male,Mansoura,Premium,20,6,6,13,Visa,4,No
C00143,49,Male,Giza,Premium,10,1,2,25,Visa,1,No
C00144,19,Female,Cairo,Standard,10,12,1,13,Cash,8,No
C00145,40,Female,Cairo,Basic,10,1,1,10,Mastercard,1,No
C00146,62,Female,Alexandria,Basic,10,3,1,27,Wallet,5,No
C00147,25,Male,Giza,Standard,50,12,0,29,Wallet,9,No
C00148,40,Female,Mansoura,Basic,50,1,8,30,Wallet,7,Yes
C00149,37,Female,Cairo,Premium,50,6,8,2,Mastercard,4,Yes
C00150,52,Female,Giza,Premium,10,3,10,7,Mastercard,7,Yes
C00151,30,Female,Mansoura,Basic,30,12,0,12,Cash,6,No
C00152,37,Female,Tanta,Standard,20,3,9,29,Cash,2,Yes
C00153,32,Female,Cairo,Basic,10,3,4,8,Mastercard,8,No
C00154,57,Male,Giza,Basic,30,1,8,1,Visa,1,Yes
C00155,19,Male,Giza,Basic,20,1,7,10,Mastercard,6,No
C00156,43,Female,Tanta,Standard,10,1,4,14,Cash,5,No
C00157,30,Male,Mansoura,Basic,50,3,5,15,Mastercard,6,No
C00158,65,Male,Alexandria,Basic,50,1,0,23,Mastercard,9,No
C00159,38,Female,Mansoura,Premium,10,3,3,30,Cash,6,No
C00160,22,Female,Giza,Basic,30,1,8,6,Visa,3,Yes
C00161,23,Male,Cairo,Premium,50,12,8,15,Mastercard,9,Yes
C00162,34,Female,Tanta,Basic,50,12,7,6,Visa,9,No
C00163,25,Female,Alexandria,Premium,30,6,9,23,Wallet,9,Yes
C00164,56,Female,Cairo,Basic,50,6,4,9,Wallet,3,Yes
C00165,41,Female,Tanta,Basic,30,12,2,4,Wallet,1,Yes
C00166,22,Female,Alexandria,Basic,30,1,0,24,Wallet,1,No
C00167,57,Male,Tanta,Premium,50,6,10,20,Mastercard,5,Yes
C00168,58,Female,Alexandria,Basic,50,3,9,18,Mastercard,5,Yes
C00169,57,Male,Mansoura,Standard,30,6,9,5,Mastercard,3,Yes
C00170,28,Female,Alexandria,Premium,50,3,3,22,Wallet,8,No
C00171,48,Female,Tanta,Basic,50,6,9,2,Visa,4,Yes
C00172,42,Female,Tanta,Basic,10,12,2,15,Wallet,4,No
C00173,63,Female,Mansoura,Premium,50,1,0,15,Wallet,5,No
C00174,50,Male,Alexandria,Standard,10,6,10,12,Mastercard,8,Yes
C00175,41,Female,Mansoura,Standard,30,12,1,23,Mastercard,10,No
C00176,62,Female,Alexandria,Standard,20,12,7,26,Visa,1,No
C00177,28,Male,Alexandria,Standard,50,6,10,23,Wallet,8,Yes
C00178,52,Female,Alexandria,Premium,20,12,6,2,Visa,1,Yes
C00179,44,Male,Tanta,Basic,50,6,1,4,Cash,8,No
C00180,24,Male,Cairo,Standard,20,3,9,25,Visa,9,Yes
C00181,27,Male,Alexandria,Premium,20,1,8,17,Mastercard,6,Yes
C00182,56,Female,Cairo,Premium,50,1,10,26,Visa,7,Yes
C00183,34,Female,Giza,Basic,30,6,7,5,Cash,10,No
C00184,57,Male,Tanta,Standard,10,12,1,30,Visa,2,No
C00185,21,Female,Alexandria,Standard,30,3,0,29,Cash,9,No
C00186,30,Male,Tanta,Standard,30,6,7,19,Wallet,6,No
C00187,52,Male,Cairo,Standard,50,6,6,15,Cash,5,No
C00188,41,Male,Tanta,Standard,10,3,3,27,Mastercard,3,No
C00189,58,Female,Mansoura,Basic,30,3,6,9,Mastercard,2,Yes
C00190,20,Male,Alexandria,Standard,20,1,2,12,Wallet,5,No
C00191,48,Female,Mansoura,Premium,20,6,8,19,Wallet,8,Yes
C00192,52,Male,Cairo,Premium,30,1,2,19,Mastercard,1,No
C00193,29,Male,Cairo,Standard,30,3,7,18,Visa,7,No
C00194,20,Female,Cairo,Standard,20,1,9,5,Visa,6,Yes
C00195,59,Male,Alexandria,Standard,20,6,8,20,Mastercard,6,Yes
C00196,60,Male,Cairo,Premium,10,1,4,14,Wallet,6,No
C00197,52,Male,Mansoura,Standard,10,3,2,21,Mastercard,5,No
C00198,54,Male,Cairo,Standard,20,6,3,2,Mastercard,1,Yes
C00199,51,Male,Mansoura,Standard,10,12,2,14,Wallet,1,No
C00200,51,Female,Tanta,Basic,20,6,0,21,Mastercard,3,No
C00201,35,Male,Alexandria,Standard,10,12,1,19,Visa,10,No
C00202,33,Female,Mansoura,Premium,10,6,6,22,Visa,3,No
C00203,43,Male,Mansoura,Basic,10,12,8,26,Cash,8,Yes
C00204,18,Female,Mansoura,Premium,50,12,10,24,Mastercard,9,Yes
C00205,49,Female,Tanta,Premium,30,6,5,17,Visa,5,No
C00206,27,Female,Giza,Premium,10,12,10,23,Cash,9,Yes
C00207,53,Male,Mansoura,Basic,10,12,10,7,Mastercard,9,Yes
C00208,46,Male,Cairo,Premium,20,1,0,13,Mastercard,10,No
C00209,48,Female,Cairo,Standard,10,12,10,7,Wallet,1,Yes
C00210,42,Male,Tanta,Premium,20,6,7,14,Cash,8,No
C00211,23,Male,Mansoura,Basic,20,1,3,18,Mastercard,7,No
C00212,28,Male,Mansoura,Basic,50,3,0,18,Visa,2,No
C00213,63,Male,Giza,Premium,30,12,1,22,Wallet,6,No
C00214,65,Male,Giza,Standard,50,6,10,30,Wallet,5,Yes
C00215,39,Female,Tanta,Premium,50,3,2,23,Visa,3,No
C00216,58,Female,Mansoura,Basic,10,12,2,16,Visa,3,No
C00217,38,Female,Giza,Premium,50,1,6,16,Mastercard,7,No
C00218,45,Male,Cairo,Basic,50,6,6,2,Wallet,4,Yes
C00219,54,Male,Tanta,Premium,10,1,10,9,Cash,6,Yes
C00220,62,Male,Tanta,Standard,20,3,3,13,Cash,4,No
C00221,48,Female,Tanta,Basic,10,1,1,4,Visa,10,No
C00222,52,Male,Mansoura,Basic,50,6,1,24,Cash,4,No
C00223,39,Male,Mansoura,Basic,20,6,2,24,Visa,2,No
C00224,49,Female,Cairo,Standard,30,12,9,18,Visa,1,Yes
C00225,31,Male,Cairo,Standard,20,1,3,7,Wallet,9,No
C00226,32,Male,Giza,Basic,50,6,3,29,Wallet,8,No
C00227,65,Female,Alexandria,Standard,30,12,7,4,Visa,10,No
C00228,28,Male,Tanta,Standard,30,1,0,27,Visa,4,No
C00229,43,Male,Cairo,Standard,10,1,6,6,Cash,8,No
C00230,26,Male,Tanta,Standard,20,3,1,20,Visa,3,No
C00231,52,Female,Tanta,Standard,50,1,2,23,Mastercard,1,No
C00232,52,Male,Cairo,Premium,50,1,4,9,Cash,10,No
C00233,47,Female,Cairo,Basic,10,3,6,3,Cash,8,No
C00234,22,Male,Mansoura,Standard,10,6,2,9,Wallet,5,No
C00235,47,Female,Mansoura,Premium,20,3,1,21,Cash,3,No
C00236,42,Female,Cairo,Premium,20,12,7,30,Wallet,3,No
C00237,46,Male,Tanta,Standard,50,12,10,29,Cash,4,Yes
C00238,22,Female,Alexandria,Premium,30,1,1,27,Mastercard,9,No
C00239,28,Male,Giza,Premium,50,1,9,17,Wallet,5,Yes
C00240,47,Female,Cairo,Standard,30,1,10,29,Wallet,9,Yes
C00241,57,Male,Cairo,Standard,30,6,10,23,Wallet,8,Yes
C00242,58,Female,Cairo,Standard,30,3,2,10,Mastercard,2,No
C00243,59,Male,Mansoura,Standard,30,3,8,10,Mastercard,6,Yes
C00244,19,Female,Mansoura,Standard,50,3,3,16,Cash,6,No
C00245,31,Female,Mansoura,Standard,20,12,5,13,Wallet,8,No
C00246,63,Male,Giza,Standard,10,1,6,25,Mastercard,1,No
C00247,55,Female,Mansoura,Standard,50,1,6,7,Visa,4,Yes
C00248,20,Female,Giza,Standard,20,1,10,19,Visa,8,Yes
C00249,26,Male,Giza,Standard,20,6,5,4,Cash,6,No
C00250,60,Male,Tanta,Basic,50,12,6,10,Wallet,8,No
C00251,51,Female,Giza,Standard,20,6,8,2,Wallet,10,Yes
C00252,65,Male,Giza,Standard,30,3,2,25,Mastercard,10,No
C00253,60,Female,Mansoura,Standard,10,12,2,23,Mastercard,4,No
C00254,63,Female,Cairo,Basic,50,6,4,17,Cash,1,No
C00255,24,Female,Cairo,Basic,50,12,7,18,Wallet,2,No
C00256,21,Female,Mansoura,Standard,10,3,7,24,Cash,4,No
C00257,43,Female,Cairo,Standard,20,6,1,11,Wallet,5,No
C00258,52,Male,Tanta,Standard,30,6,10,17,Cash,7,Yes
C00259,47,Male,Alexandria,Standard,50,3,4,2,Wallet,1,Yes
C00260,36,Female,Mansoura,Basic,50,1,2,30,Wallet,2,No
C00261,19,Female,Mansoura,Standard,30,6,5,10,Mastercard,9,No
C00262,20,Female,Tanta,Standard,20,3,3,14,Cash,7,No
C00263,40,Male,Mansoura,Standard,30,1,9,13,Wallet,9,Yes
C00264,30,Male,Tanta,Premium,20,6,1,18,Visa,7,No
C00265,64,Female,Alexandria,Basic,30,1,3,20,Visa,3,No
C00266,54,Female,Mansoura,Premium,30,12,7,11,Cash,10,No
C00267,46,Male,Alexandria,Standard,20,3,9,21,Visa,3,Yes
C00268,60,Male,Tanta,Premium,20,12,1,2,Mastercard,4,Yes
C00269,21,Female,Giza,Premium,50,12,10,23,Visa,1,Yes
C00270,41,Male,Tanta,Premium,20,3,7,29,Mastercard,9,No
C00271,32,Male,Cairo,Standard,10,12,7,13,Cash,9,No
C00272,39,Male,Cairo,Premium,30,12,7,8,Cash,2,Yes
C00273,26,Male,Mansoura,Premium,20,6,3,1,Cash,6,No
C00274,34,Male,Mansoura,Standard,30,12,8,11,Visa,10,Yes
C00275,48,Female,Giza,Premium,30,3,1,1,Mastercard,1,Yes
C00276,39,Female,Cairo,Basic,50,6,9,23,Visa,10,Yes
C00277,46,Male,Cairo,Standard,20,6,8,28,Mastercard,10,Yes
C00278,46,Female,Tanta,Premium,50,6,1,10,Cash,8,No
C00279,39,Male,Alexandria,Standard,50,12,6,17,Cash,8,No
C00280,54,Male,Giza,Standard,10,3,1,27,Mastercard,2,No
C00281,29,Male,Mansoura,Standard,30,12,5,23,Visa,3,No
C00282,47,Female,Mansoura,Standard,50,1,7,20,Visa,1,No
C00283,29,Male,Giza,Standard,30,1,7,22,Visa,4,No
C00284,29,Male,Alexandria,Standard,10,6,5,25,Visa,8,No
C00285,19,Female,Tanta,Premium,20,12,7,19,Wallet,10,No
C00286,22,Male,Mansoura,Premium,50,12,3,1,Visa,5,No
C00287,33,Male,Mansoura,Basic,30,6,9,17,Cash,5,Yes
C00288,54,Male,Mansoura,Standard,20,3,5,1,Mastercard,9,No
C00289,19,Female,Giza,Basic,50,3,10,12,Visa,5,Yes
C00290,44,Male,Mansoura,Basic,30,6,6,30,Visa,9,No
C00291,28,Female,Giza,Basic,50,12,9,27,Cash,7,Yes
C00292,51,Female,Cairo,Basic,30,1,6,24,Cash,2,No
C00293,33,Male,Alexandria,Premium,50,1,2,28,Mastercard,3,No
C00294,21,Female,Alexandria,Premium,10,12,3,16,Visa,6,No
C00295,49,Female,Giza,Basic,10,3,4,2,Wallet,9,No
C00296,38,Male,Alexandria,Standard,10,3,0,5,Wallet,6,No
C00297,31,Female,Alexandria,Basic,20,12,5,21,Visa,7,No
C00298,40,Female,Mansoura,Premium,30,3,5,11,Wallet,2,No
C00299,42,Female,Cairo,Standard,50,1,6,18,Cash,3,No
C00300,24,Female,Giza,Premium,10,12,4,20,Wallet,4,No
C00301,30,Female,Cairo,Basic,10,3,8,17,Cash,7,Yes
C00302,43,Male,Cairo,Standard,20,6,3,20,Mastercard,8,No
C00303,46,Female,Cairo,Premium,50,3,4,25,Visa,8,No
C00304,58,Male,Alexandria,Basic,20,12,5,7,Wallet,9,No
C00305,30,Male,Tanta,Premium,30,3,1,25,Mastercard,1,No
C00306,62,Male,Giza,Basic,10,1,3,18,Visa,4,No
C00307,21,Female,Tanta,Basic,50,3,2,5,Cash,1,Yes
C00308,49,Female,Mansoura,Standard,10,1,0,9,Wallet,2,Yes
C00309,21,Female,Giza,Basic,10,6,2,25,Visa,10,No
C00310,30,Female,Giza,Standard,10,1,4,28,Wallet,10,No
C00311,60,Male,Tanta,Standard,10,12,2,18,Visa,3,No
C00312,58,Female,Alexandria,Premium,30,3,9,28,Wallet,9,Yes
C00313,47,Male,Alexandria,Basic,30,6,4,28,Visa,3,No
C00314,21,Male,Cairo,Basic,10,3,9,17,Cash,2,Yes
C00315,25,Male,Alexandria,Basic,50,3,5,28,Mastercard,1,No
C00316,60,Male,Alexandria,Premium,10,3,3,24,Visa,3,No
C00317,25,Female,Cairo,Standard,50,12,6,9,Visa,2,Yes
C00318,53,Male,Tanta,Standard,50,12,1,26,Wallet,1,No
C00319,50,Female,Giza,Standard,30,6,0,7,Mastercard,1,Yes
C00320,59,Female,Cairo,Standard,30,6,9,27,Wallet,9,Yes
C00321,60,Male,Mansoura,Basic,30,6,5,2,Wallet,10,No
C00322,50,Male,Cairo,Standard,10,3,2,20,Visa,3,No
C00323,62,Female,Cairo,Standard,10,3,5,19,Mastercard,1,No
C00324,25,Male,Alexandria,Standard,50,12,9,16,Cash,2,Yes
C00325,19,Male,Alexandria,Basic,30,1,2,30,Cash,7,No
C00326,19,Female,Alexandria,Premium,50,12,0,25,Visa,1,No
C00327,25,Male,Alexandria,Premium,20,6,1,17,Cash,6,No
C00328,18,Female,Giza,Standard,10,3,9,4,Cash,2,Yes
C00329,37,Male,Tanta,Basic,30,6,7,22,Wallet,3,No
C00330,21,Male,Alexandria,Basic,30,12,0,14,Mastercard,9,No
C00331,55,Male,Mansoura,Standard,30,12,10,5,Cash,1,Yes
C00332,65,Male,Giza,Basic,50,12,6,22,Mastercard,1,No
C00333,18,Male,Giza,Premium,50,1,1,25,Visa,1,No
C00334,49,Male,Alexandria,Standard,20,1,5,19,Visa,5,No
C00335,45,Male,Alexandria,Standard,30,3,7,28,Mastercard,6,No
C00336,51,Male,Cairo,Basic,20,1,10,10,Wallet,4,Yes
C00337,24,Male,Tanta,Premium,30,6,3,23,Cash,2,No
C00338,26,Male,Giza,Basic,10,6,2,26,Mastercard,4,No
C00339,48,Female,Tanta,Standard,50,3,1,12,Visa,2,No
C00340,18,Male,Giza,Standard,20,3,2,24,Mastercard,3,No
C00341,53,Male,Giza,Basic,10,3,4,13,Cash,6,No
C00342,55,Female,Cairo,Basic,20,12,1,12,Wallet,9,No
C00343,59,Female,Tanta,Basic,50,3,3,22,Wallet,10,No
C00344,58,Male,Mansoura,Standard,30,12,8,30,Mastercard,10,Yes
C00345,58,Male,Tanta,Premium,20,6,2,4,Mastercard,3,Yes
C00346,47,Male,Mansoura,Standard,30,1,6,2,Visa,2,Yes
C00347,60,Female,Giza,Basic,10,3,3,25,Wallet,9,No
C00348,61,Female,Tanta,Premium,10,1,10,8,Wallet,8,Yes
C00349,38,Female,Tanta,Premium,10,1,0,13,Visa,5,No
C00350,52,Female,Alexandria,Standard,10,6,3,23,Mastercard,10,No
C00351,63,Female,Tanta,Standard,50,6,7,15,Mastercard,7,No
C00352,54,Female,Cairo,Standard,10,12,7,27,Mastercard,6,No
C00353,23,Female,Alexandria,Standard,10,12,10,22,Visa,9,Yes
C00354,53,Female,Giza,Premium,20,12,1,13,Wallet,5,No
C00355,20,Male,Mansoura,Standard,10,1,10,12,Mastercard,1,Yes
C00356,57,Male,Cairo,Premium,10,12,9,6,Mastercard,2,Yes
C00357,55,Male,Giza,Standard,20,3,10,25,Cash,3,Yes
C00358,57,Female,Tanta,Premium,30,1,5,9,Cash,10,No
C00359,42,Female,Cairo,Basic,10,3,9,1,Cash,2,Yes
C00360,20,Male,Cairo,Premium,30,3,6,25,Wallet,1,No
C00361,33,Male,Tanta,Premium,10,3,3,6,Visa,7,No
C00362,18,Male,Giza,Basic,20,6,8,5,Cash,9,Yes
C00363,60,Female,Alexandria,Premium,10,6,0,1,Cash,10,No
C00364,18,Female,Alexandria,Basic,10,3,5,29,Cash,9,No
C00365,54,Female,Mansoura,Basic,20,6,1,12,Cash,3,No
C00366,35,Female,Giza,Premium,20,1,7,21,Visa,6,No
C00367,44,Female,Tanta,Standard,30,6,5,13,Mastercard,5,No
C00368,24,Female,Mansoura,Standard,30,1,0,21,Wallet,7,No
C00369,44,Female,Giza,Basic,20,3,5,21,Wallet,8,No
C00370,21,Male,Alexandria,Premium,10,6,8,16,Mastercard,8,Yes
C00371,60,Female,Alexandria,Standard,30,6,10,29,Cash,10,Yes
C00372,65,Female,Tanta,Premium,50,12,0,30,Wallet,8,No
C00373,53,Male,Mansoura,Basic,20,1,3,25,Cash,1,No
C00374,55,Female,Cairo,Premium,20,1,3,13,Mastercard,7,No
C00375,47,Male,Cairo,Standard,10,6,8,14,Visa,7,Yes
C00376,20,Male,Mansoura,Standard,20,1,3,5,Wallet,7,No
C00377,51,Male,Alexandria,Premium,20,1,1,20,Visa,6,No
C00378,39,Female,Tanta,Standard,20,1,5,29,Mastercard,5,No
C00379,53,Male,Alexandria,Premium,10,1,7,3,Visa,1,Yes
C00380,62,Male,Alexandria,Basic,30,1,5,17,Cash,8,No
C00381,39,Female,Giza,Basic,20,12,0,13,Visa,6,No
C00382,28,Male,Giza,Premium,10,3,2,28,Cash,10,No
C00383,24,Male,Mansoura,Premium,50,12,8,28,Visa,1,Yes
C00384,23,Male,Giza,Premium,20,1,9,4,Mastercard,1,Yes
C00385,31,Male,Mansoura,Premium,10,3,0,14,Wallet,2,No
C00386,31,Female,Alexandria,Premium,30,1,5,21,Wallet,8,No
C00387,65,Male,Giza,Standard,10,12,2,13,Wallet,1,No
C00388,24,Male,Giza,Premium,20,12,6,12,Mastercard,8,No
C00389,51,Male,Cairo,Standard,10,6,4,19,Cash,7,No
C00390,47,Male,Cairo,Premium,50,3,9,24,Wallet,3,Yes
C00391,54,Male,Tanta,Basic,50,12,4,2,Visa,3,Yes
C00392,59,Female,Giza,Premium,10,12,4,4,Mastercard,10,No
C00393,24,Female,Giza,Standard,30,12,2,15,Visa,4,No
C00394,51,Male,Giza,Basic,10,1,0,7,Visa,2,Yes
C00395,54,Male,Giza,Basic,10,12,3,2,Wallet,9,No
C00396,53,Male,Giza,Premium,30,12,9,27,Cash,4,Yes
C00397,33,Female,Cairo,Premium,20,6,1,26,Visa,8,No
C00398,27,Male,Cairo,Standard,50,1,8,29,Wallet,3,Yes
C00399,52,Female,Cairo,Premium,10,3,6,21,Mastercard,4,No
C00400,51,Female,Giza,Basic,20,1,5,27,Cash,9,No
C00401,61,Female,Alexandria,Premium,10,6,4,8,Cash,2,Yes
C00402,35,Male,Cairo,Basic,20,12,0,29,Wallet,2,No
C00403,21,Female,Tanta,Standard,20,3,0,21,Wallet,1,No
C00404,18,Male,Tanta,Basic,30,6,5,20,Wallet,5,No
C00405,20,Female,Alexandria,Standard,30,6,5,2,Cash,1,Yes
C00406,46,Female,Alexandria,Basic,20,1,9,2,Cash,6,Yes
C00407,51,Male,Cairo,Basic,30,6,7,25,Wallet,6,No
C00408,36,Male,Giza,Standard,10,6,5,6,Visa,4,Yes
C00409,61,Female,Tanta,Basic,10,3,3,21,Cash,10,No
C00410,33,Female,Giza,Basic,30,12,4,7,Mastercard,9,No
C00411,64,Male,Mansoura,Standard,20,12,4,5,Cash,9,No
C00412,39,Male,Mansoura,Standard,50,1,4,26,Mastercard,3,No
C00413,47,Male,Cairo,Basic,50,1,1,17,Visa,9,No
C00414,65,Female,Cairo,Standard,30,6,0,23,Wallet,4,No
C00415,25,Female,Giza,Basic,10,1,7,25,Mastercard,6,No
C00416,28,Female,Giza,Standard,10,12,7,12,Wallet,7,No
C00417,61,Male,Tanta,Basic,20,1,10,26,Wallet,8,Yes
C00418,25,Female,Mansoura,Premium,10,6,5,12,Cash,1,No
C00419,18,Male,Tanta,Basic,20,12,3,23,Wallet,9,No
C00420,37,Female,Giza,Standard,30,6,9,19,Cash,9,Yes
C00421,49,Female,Mansoura,Premium,50,12,2,9,Mastercard,3,Yes
C00422,44,Female,Cairo,Standard,30,1,9,25,Cash,5,Yes
C00423,25,Female,Cairo,Basic,10,12,3,7,Visa,5,No
C00424,53,Male,Giza,Standard,50,1,9,24,Mastercard,4,Yes
C00425,29,Male,Cairo,Basic,50,1,5,1,Wallet,9,No
C00426,29,Male,Giza,Standard,30,3,7,4,Cash,7,No
C00427,31,Female,Tanta,Standard,50,1,4,3,Wallet,7,No
C00428,33,Male,Tanta,Standard,20,12,8,23,Mastercard,5,Yes
C00429,45,Male,Alexandria,Premium,30,6,4,3,Visa,1,Yes
C00430,29,Male,Cairo,Basic,10,12,6,29,Wallet,1,No
C00431,54,Female,Tanta,Basic,20,3,0,9,Cash,1,Yes
C00432,20,Male,Tanta,Premium,30,6,0,26,Wallet,10,No
C00433,36,Female,Alexandria,Premium,20,6,8,2,Cash,10,Yes
C00434,32,Female,Giza,Basic,20,1,8,11,Mastercard,8,Yes
C00435,31,Male,Tanta,Basic,30,1,2,13,Wallet,7,No
C00436,20,Male,Tanta,Standard,50,1,5,22,Cash,1,No
C00437,52,Male,Tanta,Standard,10,3,2,30,Visa,8,No
C00438,34,Female,Giza,Basic,10,3,6,28,Wallet,10,No
C00439,39,Female,Tanta,Basic,20,6,9,20,Visa,8,Yes
C00440,46,Male,Mansoura,Premium,30,3,2,26,Wallet,9,No
C00441,30,Male,Cairo,Standard,20,6,5,12,Wallet,10,No
C00442,29,Male,Giza,Premium,50,6,6,23,Visa,8,No
C00443,63,Female,Alexandria,Basic,50,1,7,27,Visa,10,No
C00444,45,Female,Tanta,Basic,20,3,5,7,Mastercard,9,No
C00445,43,Male,Cairo,Basic,30,6,6,1,Visa,4,Yes
C00446,27,Male,Mansoura,Premium,30,3,4,3,Cash,1,Yes
C00447,34,Male,Mansoura,Basic,30,1,7,6,Visa,9,No
C00448,54,Female,Tanta,Basic,50,1,1,19,Wallet,10,No
C00449,43,Female,Tanta,Basic,20,6,8,15,Visa,4,Yes
C00450,59,Female,Tanta,Standard,50,6,8,18,Mastercard,1,Yes
C00451,46,Female,Alexandria,Standard,10,6,1,20,Wallet,10,No
C00452,20,Female,Mansoura,Standard,20,1,3,1,Wallet,5,No
C00453,38,Female,Mansoura,Standard,20,3,1,22,Mastercard,10,No
C00454,46,Female,Giza,Standard,20,3,5,24,Cash,6,No
C00455,57,Female,Tanta,Premium,20,1,6,3,Wallet,2,Yes
C00456,25,Male,Cairo,Basic,30,1,7,11,Cash,6,No
C00457,62,Female,Tanta,Premium,50,1,3,23,Visa,6,No
C00458,46,Male,Tanta,Premium,50,6,8,11,Visa,3,Yes
C00459,21,Male,Cairo,Standard,20,3,0,2,Mastercard,9,No
C00460,53,Female,Giza,Premium,50,3,4,17,Mastercard,3,No
C00461,30,Male,Cairo,Standard,30,1,4,1,Mastercard,1,Yes
C00462,58,Female,Giza,Premium,10,12,6,19,Visa,3,No
C00463,24,Female,Mansoura,Basic,10,12,9,13,Cash,6,Yes
C00464,49,Female,Alexandria,Standard,10,12,1,23,Visa,3,No
C00465,18,Male,Giza,Standard,30,3,2,26,Cash,4,No
C00466,26,Male,Mansoura,Basic,30,12,2,24,Mastercard,1,No
C00467,31,Male,Giza,Basic,30,12,3,10,Visa,10,No
C00468,58,Female,Giza,Standard,50,3,9,28,Visa,4,Yes
C00469,58,Male,Tanta,Premium,50,12,9,11,Cash,1,Yes
C00470,18,Male,Cairo,Premium,50,12,2,16,Cash,5,No
C00471,36,Female,Mansoura,Standard,50,1,0,15,Visa,8,No
C00472,30,Male,Alexandria,Basic,30,12,1,24,Wallet,2,No
C00473,20,Male,Tanta,Premium,20,12,0,18,Wallet,1,No
C00474,26,Female,Mansoura,Premium,30,6,2,10,Wallet,2,No
C00475,49,Male,Cairo,Basic,50,12,9,28,Wallet,7,Yes
C00476,27,Female,Tanta,Standard,30,12,6,4,Wallet,7,No
C00477,52,Male,Tanta,Premium,10,6,7,12,Wallet,9,No
C00478,22,Female,Tanta,Basic,10,3,7,28,Mastercard,7,No
C00479,19,Male,Tanta,Basic,30,6,7,21,Visa,5,No
C00480,52,Male,Cairo,Standard,20,6,10,25,Wallet,9,Yes
C00481,30,Male,Alexandria,Premium,50,12,9,3,Visa,3,Yes
C00482,54,Male,Cairo,Standard,30,12,6,3,Visa,5,No
C00483,22,Female,Cairo,Basic,50,3,8,15,Cash,4,Yes
C00484,63,Female,Mansoura,Basic,30,12,7,23,Mastercard,1,No
C00485,31,Male,Mansoura,Standard,50,1,0,18,Cash,9,No
C00486,25,Male,Mansoura,Standard,10,1,9,5,Visa,5,Yes
C00487,34,Male,Giza,Standard,10,6,3,11,Mastercard,9,No
C00488,40,Female,Mansoura,Basic,10,6,8,30,Cash,10,Yes
C00489,30,Female,Alexandria,Premium,30,3,2,17,Mastercard,2,No
C00490,61,Male,Mansoura,Premium,50,6,6,14,Wallet,6,No
C00491,34,Male,Cairo,Basic,30,3,10,13,Visa,2,Yes
C00492,35,Male,Giza,Standard,50,12,4,13,Visa,6,No
C00493,43,Female,Alexandria,Basic,20,3,2,29,Wallet,9,No
C00494,61,Male,Cairo,Premium,50,3,8,6,Visa,4,Yes
C00495,40,Male,Cairo,Basic,50,1,3,6,Mastercard,4,Yes
C00496,62,Male,Tanta,Standard,10,3,6,8,Wallet,4,Yes
C00497,23,Female,Cairo,Premium,10,12,7,29,Cash,3,No
C00498,50,Female,Alexandria,Standard,50,12,1,1,Wallet,4,Yes
C00499,38,Male,Alexandria,Premium,50,6,1,21,Mastercard,7,No
C00500,31,Female,Alexandria,Standard,50,12,1,10,Wallet,5,No
C00501,35,Female,Cairo,Basic,50,6,4,17,Visa,10,No
C00502,24,Female,Tanta,Standard,10,12,10,30,Cash,2,Yes
C00503,23,Male,Giza,Basic,30,6,4,29,Wallet,3,No
C00504,39,Female,Mansoura,Basic,10,12,8,6,Visa,7,Yes
C00505,37,Male,Mansoura,Premium,30,3,7,9,Mastercard,7,No
C00506,52,Male,Cairo,Basic,30,6,9,16,Wallet,8,Yes
C00507,39,Male,Mansoura,Premium,30,12,10,28,Wallet,9,Yes
C00508,46,Female,Tanta,Basic,30,12,8,10,Cash,3,Yes
C00509,32,Female,Cairo,Basic,20,3,2,22,Visa,7,No
C00510,35,Female,Alexandria,Standard,50,6,1,13,Cash,2,No
C00511,24,Female,Cairo,Standard,10,6,6,3,Cash,10,No
C00512,22,Female,Giza,Basic,20,12,10,14,Mastercard,8,Yes
C00513,49,Male,Cairo,Standard,20,12,9,28,Wallet,7,Yes
C00514,45,Female,Alexandria,Premium,20,12,4,2,Visa,6,No
C00515,20,Female,Mansoura,Premium,20,3,2,22,Mastercard,1,No
C00516,36,Male,Cairo,Premium,50,6,1,13,Visa,9,No
C00517,57,Female,Tanta,Standard,20,3,2,27,Visa,8,No
C00518,23,Female,Tanta,Premium,20,12,7,1,Cash,1,Yes
C00519,26,Male,Alexandria,Premium,50,6,9,17,Wallet,9,Yes
C00520,20,Female,Tanta,Premium,20,1,7,21,Visa,10,No
C00521,19,Male,Tanta,Basic,50,12,10,16,Mastercard,1,Yes
C00522,36,Male,Giza,Standard,30,12,1,5,Mastercard,1,Yes
C00523,34,Male,Cairo,Standard,10,6,4,21,Visa,7,No
C00524,31,Male,Tanta,Basic,20,1,4,22,Mastercard,6,No
C00525,53,Male,Cairo,Standard,50,12,0,30,Cash,9,No
C00526,59,Female,Mansoura,Premium,10,1,5,12,Cash,10,No
C00527,35,Female,Mansoura,Basic,10,12,10,3,Visa,5,Yes
C00528,18,Female,Giza,Premium,50,12,6,13,Wallet,10,No
C00529,47,Female,Mansoura,Standard,30,1,6,4,Visa,3,Yes
C00530,43,Male,Giza,Basic,50,1,9,23,Visa,10,Yes
C00531,61,Female,Cairo,Premium,20,1,5,12,Mastercard,6,No
C00532,48,Male,Cairo,Basic,30,12,2,5,Visa,6,No
C00533,63,Female,Tanta,Standard,20,12,5,26,Cash,5,No
C00534,40,Male,Alexandria,Premium,30,1,1,14,Wallet,8,No
C00535,43,Female,Giza,Standard,30,6,9,17,Wallet,10,Yes
C00536,23,Female,Alexandria,Premium,50,6,2,1,Mastercard,4,Yes
C00537,37,Male,Alexandria,Basic,50,6,1,20,Mastercard,2,No
C00538,53,Male,Mansoura,Standard,10,1,9,25,Wallet,1,Yes
C00539,63,Female,Cairo,Basic,20,12,2,10,Visa,4,No
C00540,34,Male,Cairo,Standard,30,12,8,16,Visa,8,Yes
C00541,53,Female,Cairo,Premium,50,1,8,12,Visa,2,Yes
C00542,55,Male,Giza,Standard,50,3,5,2,Mastercard,3,Yes
C00543,34,Male,Mansoura,Premium,30,12,1,4,Cash,2,Yes
C00544,47,Female,Cairo,Basic,20,6,6,11,Mastercard,4,No
C00545,28,Female,Alexandria,Premium,30,3,10,12,Visa,9,Yes
C00546,33,Male,Cairo,Basic,50,6,2,11,Visa,1,No
C00547,26,Male,Cairo,Standard,20,12,7,1,Wallet,8,No
C00548,47,Male,Mansoura,Standard,10,12,3,26,Visa,5,No
C00549,52,Female,Mansoura,Premium,50,6,9,6,Mastercard,7,Yes
C00550,65,Female,Alexandria,Premium,30,3,3,10,Mastercard,7,No
C00551,24,Female,Cairo,Standard,10,1,5,14,Mastercard,4,No
C00552,51,Female,Giza,Standard,30,12,1,5,Visa,10,No
C00553,63,Female,Alexandria,Basic,10,1,2,26,Wallet,3,No
C00554,62,Female,Mansoura,Premium,10,1,6,16,Cash,3,No
C00555,21,Male,Mansoura,Standard,30,6,10,22,Visa,6,Yes
C00556,42,Female,Mansoura,Standard,50,3,0,4,Mastercard,3,Yes
C00557,45,Male,Cairo,Premium,10,3,8,22,Mastercard,1,Yes
C00558,19,Male,Cairo,Standard,20,1,4,27,Cash,3,No
C00559,19,Male,Giza,Basic,50,1,3,27,Wallet,6,No
C00560,22,Female,Tanta,Premium,50,12,3,17,Cash,3,No
C00561,42,Female,Cairo,Premium,50,12,4,28,Cash,1,No
C00562,35,Female,Alexandria,Premium,20,6,2,18,Cash,10,No
C00563,26,Male,Cairo,Basic,20,12,2,19,Mastercard,3,No
C00564,59,Male,Mansoura,Standard,20,3,1,29,Mastercard,2,No
C00565,27,Male,Alexandria,Standard,10,3,0,27,Wallet,3,No
C00566,37,Female,Giza,Standard,50,1,0,29,Wallet,6,No
C00567,29,Female,Alexandria,Premium,10,6,8,22,Cash,6,Yes
C00568,49,Male,Mansoura,Premium,20,12,2,6,Cash,5,No
C00569,34,Female,Mansoura,Standard,20,12,9,29,Wallet,6,Yes
C00570,50,Male,Giza,Premium,30,3,2,14,Cash,1,No
C00571,58,Female,Tanta,Basic,20,3,9,1,Visa,9,Yes
C00572,27,Female,Mansoura,Premium,30,1,4,29,Mastercard,2,No
C00573,62,Male,Tanta,Basic,20,12,0,23,Cash,10,No
C00574,33,Male,Tanta,Premium,20,6,6,4,Cash,10,No
C00575,31,Male,Giza,Basic,30,6,0,10,Visa,6,No
C00576,31,Female,Giza,Standard,10,1,5,2,Cash,5,No
C00577,29,Male,Cairo,Basic,30,1,3,26,Visa,1,No
C00578,25,Female,Mansoura,Basic,10,6,7,2,Cash,8,No
C00579,18,Female,Cairo,Basic,50,1,6,4,Wallet,2,Yes
C00580,60,Female,Alexandria,Standard,50,1,7,6,Wallet,2,Yes
C00581,50,Female,Alexandria,Basic,20,1,0,14,Cash,1,No
C00582,62,Male,Tanta,Standard,20,12,10,9,Mastercard,7,Yes
C00583,31,Male,Alexandria,Basic,20,1,2,4,Cash,1,Yes
C00584,34,Female,Cairo,Premium,10,1,5,23,Mastercard,2,No
C00585,54,Male,Mansoura,Premium,10,1,6,28,Wallet,3,No
C00586,25,Male,Cairo,Premium,30,6,10,23,Mastercard,2,Yes
C00587,65,Female,Cairo,Basic,10,1,5,11,Visa,3,No
C00588,61,Female,Mansoura,Basic,50,1,1,20,Mastercard,5,No
C00589,65,Male,Alexandria,Standard,30,12,2,28,Cash,7,No
C00590,42,Female,Mansoura,Standard,20,6,10,11,Cash,2,Yes
C00591,46,Female,Mansoura,Basic,50,3,6,18,Cash,1,No
C00592,21,Male,Cairo,Standard,30,1,5,14,Visa,1,No
C00593,51,Female,Cairo,Premium,50,1,2,5,Mastercard,9,No
C00594,41,Female,Tanta,Standard,20,12,4,18,Wallet,6,No
C00595,62,Male,Giza,Basic,30,6,7,18,Cash,9,No
C00596,36,Male,Giza,Standard,30,12,6,13,Visa,9,No
C00597,54,Male,Tanta,Standard,20,3,3,21,Cash,4,No
C00598,36,Male,Alexandria,Premium,10,6,5,13,Cash,3,No
C00599,27,Male,Tanta,Basic,30,3,1,16,Mastercard,1,No
C00600,62,Female,Alexandria,Standard,50,12,10,29,Cash,3,Yes
C00601,35,Female,Cairo,Premium,30,3,2,1,Visa,1,Yes
C00602,65,Male,Alexandria,Basic,20,1,8,5,Wallet,1,Yes
C00603,32,Male,Alexandria,Premium,30,6,0,29,Cash,5,No
C00604,38,Female,Tanta,Premium,20,1,3,17,Visa,7,No
C00605,62,Female,Mansoura,Premium,20,6,7,26,Mastercard,6,No
C00606,60,Female,Alexandria,Premium,30,6,3,28,Wallet,7,No
C00607,56,Female,Alexandria,Basic,50,1,10,9,Cash,10,Yes
C00608,31,Male,Mansoura,Basic,10,12,2,11,Mastercard,10,No
C00609,65,Female,Cairo,Premium,10,12,10,7,Mastercard,6,Yes
C00610,31,Female,Tanta,Premium,50,1,10,29,Cash,3,Yes
C00611,57,Female,Giza,Premium,50,1,3,8,Cash,6,No
C00612,62,Male,Mansoura,Basic,50,3,10,15,Mastercard,2,Yes
C00613,55,Male,Giza,Standard,50,6,4,9,Cash,3,Yes
C00614,63,Female,Tanta,Standard,20,12,10,1,Cash,8,Yes
C00615,31,Male,Mansoura,Basic,50,6,5,10,Mastercard,7,No
C00616,47,Male,Alexandria,Basic,50,1,8,2,Mastercard,5,Yes
C00617,27,Female,Tanta,Premium,50,12,3,12,Cash,7,No
C00618,23,Female,Giza,Standard,50,1,9,21,Cash,10,Yes
C00619,44,Female,Tanta,Basic,30,12,2,26,Visa,2,No
C00620,24,Female,Tanta,Premium,30,1,5,6,Wallet,3,Yes
C00621,32,Male,Alexandria,Premium,50,3,1,5,Cash,5,No
C00622,40,Female,Cairo,Basic,20,12,9,27,Visa,2,Yes
C00623,65,Male,Tanta,Premium,10,6,6,22,Mastercard,7,No
C00624,58,Male,Tanta,Premium,20,6,4,2,Cash,7,No
C00625,34,Female,Cairo,Basic,30,12,0,18,Cash,2,No
C00626,56,Female,Mansoura,Standard,20,3,5,5,Mastercard,3,Yes
C00627,58,Female,Mansoura,Premium,30,6,0,7,Wallet,8,No
C00628,51,Male,Giza,Premium,10,6,9,11,Visa,2,Yes
C00629,52,Male,Mansoura,Basic,20,6,6,3,Wallet,5,No
C00630,44,Female,Cairo,Basic,50,3,4,3,Visa,2,Yes
C00631,58,Male,Cairo,Premium,50,1,0,30,Visa,6,No
C00632,53,Male,Giza,Standard,10,3,2,21,Cash,5,No
C00633,29,Male,Giza,Standard,30,12,0,21,Wallet,5,No
C00634,32,Male,Alexandria,Standard,30,6,4,12,Visa,2,No
C00635,32,Male,Cairo,Basic,50,3,0,14,Visa,8,No
C00636,27,Male,Cairo,Basic,50,1,10,9,Wallet,3,Yes
C00637,63,Male,Alexandria,Premium,10,1,0,4,Mastercard,10,No
C00638,52,Male,Cairo,Standard,30,1,4,21,Cash,9,No
C00639,44,Male,Mansoura,Premium,10,12,8,29,Mastercard,3,Yes
C00640,21,Female,Alexandria,Standard,30,6,7,9,Mastercard,3,Yes
C00641,47,Female,Cairo,Standard,30,6,7,23,Wallet,9,No
C00642,65,Female,Mansoura,Standard,30,12,5,26,Visa,2,No
C00643,32,Male,Alexandria,Basic,20,1,9,2,Visa,2,Yes
C00644,57,Female,Giza,Standard,30,3,3,6,Visa,5,No
C00645,23,Male,Giza,Premium,30,3,5,15,Mastercard,7,No
C00646,61,Male,Cairo,Standard,50,1,8,2,Mastercard,7,Yes
C00647,35,Male,Tanta,Standard,50,6,5,11,Mastercard,3,No
C00648,61,Female,Cairo,Basic,30,1,7,16,Cash,6,No
C00649,26,Female,Tanta,Basic,10,3,8,27,Visa,5,Yes
C00650,34,Male,Alexandria,Basic,30,1,2,2,Visa,6,No
C00651,18,Female,Cairo,Standard,10,3,10,16,Mastercard,4,Yes
C00652,49,Male,Mansoura,Standard,10,6,3,3,Visa,7,No
C00653,27,Male,Alexandria,Basic,20,12,6,11,Visa,2,No
C00654,20,Female,Mansoura,Standard,30,3,5,21,Cash,5,No
C00655,38,Male,Tanta,Basic,10,1,3,1,Cash,3,Yes
C00656,42,Male,Tanta,Premium,10,1,0,18,Visa,10,No
C00657,61,Male,Giza,Premium,50,12,10,22,Mastercard,7,Yes
C00658,40,Female,Giza,Basic,10,1,3,19,Mastercard,8,No
C00659,42,Female,Mansoura,Standard,20,3,1,19,Wallet,9,No
C00660,22,Male,Giza,Basic,20,12,2,29,Wallet,9,No
C00661,30,Female,Giza,Standard,10,6,1,16,Visa,3,No
C00662,21,Female,Alexandria,Standard,30,1,7,12,Wallet,9,No
C00663,31,Male,Alexandria,Premium,10,12,3,22,Wallet,3,No
C00664,49,Male,Alexandria,Basic,50,6,1,28,Wallet,7,No
C00665,64,Male,Alexandria,Premium,20,12,0,15,Mastercard,1,No
C00666,20,Male,Cairo,Standard,50,3,8,16,Wallet,5,Yes
C00667,35,Female,Cairo,Basic,30,3,5,16,Cash,2,No
C00668,27,Female,Mansoura,Basic,10,6,2,6,Mastercard,4,Yes
C00669,63,Male,Giza,Basic,50,1,9,26,Visa,8,Yes
C00670,34,Female,Tanta,Standard,20,1,6,29,Cash,9,No
C00671,26,Female,Tanta,Premium,10,1,3,10,Wallet,2,No
C00672,46,Male,Alexandria,Basic,20,1,3,15,Wallet,4,No
C00673,59,Male,Mansoura,Standard,30,3,7,7,Cash,10,No
C00674,25,Male,Cairo,Basic,20,3,5,2,Visa,3,Yes
C00675,35,Female,Alexandria,Basic,20,12,0,7,Visa,4,Yes
C00676,38,Male,Mansoura,Premium,20,12,3,3,Mastercard,2,Yes
C00677,42,Male,Giza,Standard,30,1,9,12,Visa,2,Yes
C00678,19,Female,Mansoura,Standard,50,6,7,22,Mastercard,1,No
C00679,30,Male,Giza,Basic,50,3,1,12,Cash,5,No
C00680,46,Female,Mansoura,Premium,50,1,3,30,Wallet,2,No
C00681,32,Female,Cairo,Basic,30,1,7,18,Visa,5,No
C00682,59,Male,Cairo,Standard,20,3,9,17,Mastercard,8,Yes
C00683,64,Male,Cairo,Basic,50,12,4,9,Visa,6,No
C00684,40,Female,Giza,Basic,20,12,9,28,Visa,10,Yes
C00685,47,Female,Giza,Premium,20,3,3,2,Mastercard,7,No
C00686,47,Female,Giza,Standard,30,6,8,2,Wallet,3,Yes
C00687,44,Female,Cairo,Premium,30,3,8,30,Wallet,3,Yes
C00688,53,Female,Alexandria,Premium,10,1,2,23,Mastercard,2,No
C00689,38,Male,Alexandria,Basic,50,12,7,24,Mastercard,7,No
C00690,23,Male,Cairo,Standard,30,12,4,8,Wallet,9,No
C00691,20,Male,Giza,Premium,10,1,10,14,Cash,2,Yes
C00692,29,Female,Giza,Premium,30,6,0,23,Wallet,6,No
C00693,44,Female,Alexandria,Standard,10,6,3,10,Visa,8,No
C00694,48,Female,Cairo,Basic,10,3,2,7,Wallet,1,Yes
C00695,52,Female,Tanta,Premium,20,1,2,22,Visa,5,No
C00696,60,Female,Alexandria,Basic,10,1,10,17,Visa,10,Yes
C00697,37,Female,Mansoura,Premium,30,6,7,28,Mastercard,3,No
C00698,32,Female,Cairo,Premium,10,12,7,25,Visa,6,No
C00699,47,Male,Mansoura,Premium,20,12,10,24,Cash,10,Yes
C00700,30,Female,Alexandria,Premium,10,3,3,16,Cash,7,No
C00701,27,Male,Cairo,Premium,20,12,9,15,Wallet,8,Yes
C00702,56,Male,Tanta,Basic,30,12,8,22,Mastercard,5,Yes
C00703,22,Male,Mansoura,Premium,20,6,7,30,Cash,6,No
C00704,60,Male,Giza,Premium,50,12,1,6,Cash,8,No
C00705,26,Female,Mansoura,Premium,10,12,0,20,Cash,3,No
C00706,34,Female,Giza,Basic,20,1,8,18,Visa,5,Yes
C00707,54,Female,Alexandria,Basic,30,12,5,10,Wallet,5,No
C00708,40,Female,Alexandria,Premium,20,3,1,6,Visa,3,Yes
C00709,22,Male,Tanta,Standard,20,6,9,7,Wallet,3,Yes
C00710,45,Male,Tanta,Basic,10,3,6,18,Visa,5,No
C00711,19,Female,Mansoura,Premium,10,3,5,29,Wallet,7,No
C00712,21,Male,Giza,Premium,30,1,6,12,Visa,5,No
C00713,38,Female,Mansoura,Standard,30,3,9,23,Wallet,9,Yes
C00714,31,Female,Alexandria,Basic,50,6,0,4,Visa,5,No
C00715,60,Female,Tanta,Premium,30,12,0,24,Visa,6,No
C00716,41,Male,Cairo,Premium,10,12,5,5,Mastercard,7,No
C00717,27,Male,Giza,Basic,30,6,1,26,Mastercard,9,No
C00718,48,Female,Tanta,Basic,30,12,2,13,Cash,6,No
C00719,39,Female,Alexandria,Basic,10,6,5,12,Wallet,1,No
C00720,38,Female,Alexandria,Standard,30,1,10,22,Cash,10,Yes
C00721,21,Female,Giza,Premium,30,12,5,16,Visa,10,No
C00722,56,Male,Mansoura,Standard,20,3,10,5,Cash,2,Yes
C00723,31,Female,Tanta,Standard,50,1,3,17,Wallet,8,No
C00724,35,Female,Cairo,Standard,20,12,6,13,Cash,8,No
C00725,49,Male,Giza,Premium,30,12,4,10,Mastercard,7,No
C00726,37,Male,Giza,Standard,30,12,10,29,Wallet,1,Yes
C00727,64,Male,Tanta,Standard,30,6,2,25,Wallet,9,No
C00728,45,Female,Giza,Standard,50,12,8,25,Mastercard,1,Yes
C00729,37,Female,Mansoura,Basic,30,3,2,6,Wallet,6,No
C00730,54,Male,Tanta,Basic,20,3,6,10,Mastercard,4,No
C00731,28,Female,Alexandria,Premium,50,1,0,14,Cash,2,No
C00732,55,Male,Mansoura,Premium,20,3,10,11,Visa,5,Yes
C00733,38,Female,Tanta,Basic,30,1,3,4,Visa,9,No
C00734,59,Female,Cairo,Premium,20,12,7,19,Cash,2,No
C00735,26,Male,Cairo,Basic,50,1,8,22,Mastercard,9,Yes
C00736,24,Male,Alexandria,Premium,30,6,8,5,Mastercard,4,Yes
C00737,20,Male,Giza,Basic,30,3,6,27,Mastercard,5,No
C00738,58,Male,Alexandria,Premium,20,3,9,1,Mastercard,2,Yes
C00739,60,Female,Tanta,Basic,30,3,10,29,Visa,7,Yes
C00740,55,Male,Cairo,Premium,30,6,2,12,Cash,5,No
C00741,45,Female,Alexandria,Standard,20,3,5,30,Wallet,8,No
C00742,63,Male,Mansoura,Basic,10,1,3,17,Mastercard,7,No
C00743,27,Male,Mansoura,Standard,30,1,5,4,Visa,6,No
C00744,35,Female,Cairo,Basic,10,1,0,27,Wallet,2,No
C00745,53,Male,Giza,Premium,30,12,10,1,Cash,9,Yes
C00746,30,Female,Cairo,Standard,50,1,9,26,Wallet,3,Yes
C00747,22,Male,Tanta,Premium,20,12,5,29,Mastercard,1,No
C00748,21,Male,Alexandria,Standard,50,6,0,29,Visa,10,No
C00749,54,Female,Alexandria,Standard,30,12,3,3,Cash,8,No
C00750,40,Male,Giza,Standard,10,6,4,17,Visa,6,No
C00751,62,Female,Tanta,Basic,30,6,0,26,Mastercard,7,No
C00752,39,Male,Cairo,Standard,10,3,5,16,Cash,7,No
C00753,63,Female,Tanta,Premium,30,6,1,7,Visa,6,No
C00754,21,Male,Giza,Basic,10,3,9,3,Mastercard,1,Yes
C00755,49,Female,Alexandria,Standard,50,12,2,9,Mastercard,1,Yes
C00756,53,Female,Cairo,Standard,30,3,4,12,Cash,3,No
C00757,41,Male,Alexandria,Premium,10,6,9,20,Visa,7,Yes
C00758,40,Male,Cairo,Standard,10,6,2,27,Cash,9,No
C00759,39,Female,Cairo,Standard,20,3,1,23,Cash,1,No
C00760,41,Female,Cairo,Premium,50,1,2,20,Wallet,4,No
C00761,41,Male,Tanta,Premium,30,12,4,9,Wallet,3,Yes
C00762,42,Male,Tanta,Standard,30,3,5,1,Wallet,3,Yes
C00763,28,Male,Mansoura,Premium,10,3,6,22,Visa,7,No
C00764,31,Male,Cairo,Basic,10,12,0,23,Visa,9,No
C00765,29,Male,Cairo,Premium,20,12,6,11,Wallet,10,No
C00766,57,Female,Alexandria,Basic,20,6,7,17,Wallet,7,No
C00767,34,Male,Alexandria,Basic,10,6,9,21,Mastercard,8,Yes
C00768,18,Female,Mansoura,Premium,30,12,1,20,Wallet,7,No
C00769,33,Female,Giza,Basic,10,1,4,26,Mastercard,2,No
C00770,41,Female,Alexandria,Standard,50,1,10,23,Cash,8,Yes
C00771,18,Female,Cairo,Standard,30,12,3,26,Cash,2,No
C00772,52,Male,Cairo,Basic,20,6,0,24,Wallet,8,No
C00773,38,Female,Tanta,Basic,50,3,9,28,Wallet,1,Yes
C00774,55,Male,Alexandria,Basic,30,1,5,9,Wallet,5,No
C00775,54,Female,Cairo,Standard,50,6,9,24,Mastercard,3,Yes
C00776,48,Male,Tanta,Basic,10,6,8,16,Wallet,2,Yes
C00777,38,Female,Giza,Premium,30,6,3,13,Mastercard,8,No
C00778,18,Female,Tanta,Premium,10,1,10,2,Wallet,8,Yes
C00779,63,Female,Mansoura,Basic,10,6,8,28,Cash,9,Yes
C00780,62,Male,Cairo,Basic,20,12,1,25,Wallet,7,No
C00781,44,Female,Mansoura,Standard,50,6,2,26,Wallet,8,No
C00782,25,Female,Tanta,Standard,30,12,10,4,Cash,8,Yes
C00783,49,Female,Mansoura,Standard,50,3,1,10,Wallet,6,No
C00784,59,Female,Cairo,Basic,50,3,10,26,Wallet,7,Yes
C00785,21,Female,Cairo,Premium,20,1,8,4,Mastercard,3,Yes
C00786,35,Male,Giza,Premium,20,6,2,6,Visa,7,No
C00787,21,Male,Alexandria,Premium,30,3,4,17,Mastercard,7,No
C00788,63,Male,Tanta,Standard,10,6,6,23,Visa,1,No
C00789,26,Male,Cairo,Basic,20,12,0,6,Mastercard,7,No
C00790,59,Male,Mansoura,Basic,50,3,2,20,Mastercard,1,No
C00791,27,Female,Cairo,Basic,20,3,7,22,Mastercard,10,No
C00792,48,Female,Mansoura,Basic,20,3,10,21,Wallet,1,Yes
C00793,41,Male,Cairo,Premium,30,3,6,22,Cash,5,No
C00794,41,Male,Mansoura,Basic,30,1,0,20,Wallet,2,No
C00795,27,Female,Mansoura,Standard,10,1,4,7,Wallet,5,No
C00796,27,Female,Cairo,Standard,30,3,9,13,Cash,7,Yes
C00797,48,Female,Tanta,Premium,50,1,5,25,Mastercard,2,No
C00798,52,Male,Mansoura,Basic,10,12,8,28,Cash,3,Yes
C00799,57,Male,Cairo,Standard,30,6,7,13,Mastercard,8,No
C00800,55,Male,Cairo,Basic,10,12,0,6,Mastercard,8,No
C00801,42,Male,Tanta,Premium,30,1,8,18,Wallet,4,Yes
C00802,31,Male,Mansoura,Premium,10,1,1,10,Visa,9,No
C00803,61,Male,Tanta,Basic,30,3,3,25,Wallet,5,No
C00804,35,Female,Mansoura,Premium,10,3,9,8,Mastercard,7,Yes
C00805,26,Female,Tanta,Premium,20,3,10,27,Mastercard,10,Yes
C00806,64,Female,Tanta,Basic,50,1,7,30,Cash,10,No
C00807,50,Male,Giza,Standard,20,1,6,22,Visa,7,No
C00808,45,Male,Mansoura,Basic,50,6,10,18,Cash,3,Yes
C00809,37,Female,Giza,Basic,50,6,9,12,Mastercard,4,Yes
C00810,42,Female,Giza,Premium,20,3,7,1,Mastercard,10,No
C00811,56,Female,Alexandria,Standard,10,3,4,22,Visa,8,No
C00812,18,Male,Tanta,Standard,30,12,3,20,Cash,7,No
C00813,43,Female,Mansoura,Premium,50,1,8,25,Cash,9,Yes
C00814,40,Male,Mansoura,Standard,30,1,9,24,Visa,6,Yes
C00815,41,Male,Tanta,Basic,20,1,9,27,Cash,8,Yes
C00816,21,Male,Giza,Standard,20,6,2,1,Mastercard,1,Yes
C00817,36,Female,Mansoura,Standard,10,12,1,1,Mastercard,10,No
C00818,63,Female,Mansoura,Premium,50,12,7,17,Visa,10,No
C00819,18,Male,Tanta,Standard,10,1,4,28,Wallet,7,No
C00820,31,Male,Cairo,Standard,50,6,9,19,Visa,6,Yes
C00821,35,Female,Tanta,Premium,20,12,4,2,Cash,6,No
C00822,21,Female,Tanta,Premium,50,3,7,7,Wallet,6,No
C00823,61,Female,Giza,Premium,30,6,0,8,Visa,5,No
C00824,38,Female,Giza,Basic,20,6,10,12,Wallet,8,Yes
C00825,61,Male,Alexandria,Basic,20,3,7,7,Cash,4,Yes
C00826,59,Male,Alexandria,Premium,50,1,10,28,Visa,6,Yes
C00827,46,Female,Cairo,Basic,50,3,4,9,Cash,7,No
C00828,21,Male,Cairo,Premium,50,1,5,14,Visa,4,No
C00829,19,Male,Cairo,Premium,20,12,9,13,Mastercard,4,Yes
C00830,63,Male,Tanta,Premium,50,12,10,17,Wallet,1,Yes
C00831,33,Male,Mansoura,Standard,30,12,2,14,Cash,2,No
C00832,20,Male,Giza,Basic,30,1,4,26,Cash,2,No
C00833,46,Male,Mansoura,Basic,10,6,1,21,Mastercard,2,No
C00834,31,Female,Mansoura,Basic,20,1,6,27,Cash,5,No
C00835,29,Male,Cairo,Basic,20,1,3,6,Cash,2,Yes
C00836,47,Male,Giza,Basic,10,1,0,29,Mastercard,9,No
C00837,49,Male,Alexandria,Basic,10,6,7,29,Cash,6,No
C00838,19,Male,Tanta,Standard,30,12,4,1,Wallet,4,Yes
C00839,55,Female,Tanta,Basic,30,6,5,24,Wallet,8,No
C00840,35,Female,Alexandria,Basic,30,6,10,10,Visa,7,Yes
C00841,61,Male,Alexandria,Standard,30,12,5,14,Visa,4,No
C00842,50,Female,Cairo,Basic,50,1,7,19,Mastercard,3,No
C00843,45,Male,Tanta,Premium,10,6,1,29,Mastercard,3,No
C00844,26,Male,Tanta,Basic,20,12,2,1,Cash,5,No
C00845,56,Female,Tanta,Standard,50,6,10,10,Mastercard,8,Yes
C00846,30,Male,Giza,Standard,10,1,0,12,Wallet,4,No
C00847,58,Female,Tanta,Basic,30,12,3,22,Mastercard,4,No
C00848,64,Male,Tanta,Basic,20,1,2,5,Wallet,4,Yes
C00849,63,Female,Alexandria,Premium,30,3,8,18,Visa,3,Yes
C00850,33,Female,Giza,Standard,50,1,6,29,Visa,7,No
C00851,59,Male,Mansoura,Premium,30,6,3,21,Wallet,6,No
C00852,59,Female,Mansoura,Standard,30,6,5,25,Visa,8,No
C00853,50,Male,Giza,Premium,20,1,3,2,Mastercard,7,No
C00854,65,Female,Tanta,Standard,20,1,3,6,Visa,3,Yes
C00855,35,Female,Tanta,Standard,30,3,10,22,Visa,6,Yes
C00856,33,Male,Giza,Premium,50,1,7,14,Cash,2,No
C00857,46,Male,Cairo,Basic,20,6,2,20,Wallet,4,No
C00858,28,Female,Alexandria,Standard,20,6,0,9,Wallet,8,No
C00859,36,Female,Alexandria,Basic,10,3,9,12,Mastercard,8,Yes
C00860,18,Female,Mansoura,Premium,20,3,7,26,Mastercard,2,No
C00861,40,Male,Giza,Basic,30,6,5,3,Visa,7,No
C00862,63,Female,Cairo,Standard,50,1,8,14,Cash,3,Yes
C00863,64,Female,Alexandria,Premium,20,3,9,27,Mastercard,3,Yes
C00864,40,Male,Alexandria,Premium,30,12,2,15,Mastercard,3,No
C00865,46,Male,Giza,Basic,10,6,7,9,Visa,10,No
C00866,19,Male,Alexandria,Premium,50,1,6,1,Cash,1,Yes
C00867,22,Female,Cairo,Standard,30,6,4,17,Mastercard,7,No
C00868,42,Female,Alexandria,Premium,20,1,2,30,Wallet,7,No
C00869,25,Male,Alexandria,Premium,50,6,3,25,Visa,2,No
C00870,23,Male,Mansoura,Basic,50,6,9,29,Cash,5,Yes
C00871,21,Female,Tanta,Standard,20,12,4,3,Visa,4,Yes
C00872,32,Male,Tanta,Standard,10,12,7,10,Wallet,9,No
C00873,33,Female,Giza,Premium,30,12,4,9,Visa,4,Yes
C00874,37,Male,Cairo,Basic,50,6,9,4,Visa,3,Yes
C00875,56,Female,Cairo,Premium,50,3,1,7,Wallet,6,No
C00876,21,Female,Mansoura,Standard,10,12,1,14,Visa,4,No
C00877,47,Female,Cairo,Standard,20,6,10,17,Cash,5,Yes
C00878,44,Male,Giza,Premium,20,6,8,19,Wallet,6,Yes
C00879,42,Female,Cairo,Basic,30,6,9,10,Mastercard,7,Yes
C00880,26,Female,Mansoura,Standard,50,6,7,23,Wallet,7,No
C00881,46,Female,Mansoura,Standard,50,6,8,1,Mastercard,10,Yes
C00882,53,Female,Tanta,Premium,10,12,6,5,Visa,3,Yes
C00883,48,Male,Mansoura,Premium,50,3,6,7,Wallet,9,No
C00884,37,Female,Giza,Basic,50,12,4,30,Visa,10,No
C00885,53,Female,Alexandria,Premium,30,12,8,17,Cash,1,Yes
C00886,30,Female,Tanta,Standard,50,12,6,10,Mastercard,4,No
C00887,52,Female,Tanta,Basic,30,3,6,19,Wallet,3,No
C00888,21,Female,Mansoura,Premium,30,1,3,17,Cash,10,No
C00889,46,Female,Giza,Premium,20,1,10,9,Cash,6,Yes
C00890,23,Female,Cairo,Premium,30,3,4,12,Mastercard,6,No
C00891,52,Male,Alexandria,Premium,50,6,1,4,Visa,1,Yes
C00892,52,Female,Giza,Basic,50,6,9,20,Cash,8,Yes
C00893,25,Female,Alexandria,Standard,30,6,4,19,Mastercard,2,No
C00894,62,Male,Tanta,Basic,50,3,1,5,Visa,1,Yes
C00895,40,Female,Giza,Basic,30,6,4,14,Visa,1,No
C00896,52,Female,Giza,Standard,30,1,9,6,Wallet,5,Yes
C00897,55,Male,Giza,Premium,10,6,1,15,Wallet,5,No
C00898,65,Female,Mansoura,Basic,20,12,7,8,Visa,2,Yes
C00899,39,Male,Giza,Standard,20,6,9,25,Visa,1,Yes
C00900,32,Female,Tanta,Premium,20,3,1,7,Cash,3,Yes
C00901,57,Female,Giza,Premium,20,6,3,24,Wallet,8,No
C00902,61,Male,Giza,Premium,20,1,10,7,Visa,8,Yes
C00903,26,Male,Tanta,Standard,30,3,10,6,Cash,4,Yes
C00904,40,Male,Mansoura,Standard,50,12,7,3,Mastercard,9,No
C00905,63,Female,Giza,Basic,50,12,8,30,Visa,9,Yes
C00906,47,Male,Tanta,Premium,50,1,4,8,Visa,9,No
C00907,52,Female,Giza,Standard,30,6,9,5,Mastercard,9,Yes
C00908,25,Female,Giza,Standard,30,6,4,5,Visa,5,No
C00909,21,Female,Giza,Premium,50,6,9,28,Wallet,5,Yes
C00910,27,Female,Giza,Basic,50,1,10,30,Cash,6,Yes
C00911,58,Female,Mansoura,Standard,30,6,2,15,Visa,1,No
C00912,42,Female,Alexandria,Basic,30,3,0,23,Visa,3,No
C00913,65,Male,Cairo,Basic,30,1,9,10,Visa,4,Yes
C00914,54,Female,Cairo,Basic,10,1,9,11,Mastercard,1,Yes
C00915,52,Male,Mansoura,Premium,20,1,7,24,Cash,4,No
C00916,51,Female,Tanta,Basic,50,1,0,22,Mastercard,9,No
C00917,44,Male,Giza,Standard,20,12,6,18,Visa,2,No
C00918,33,Female,Cairo,Basic,50,1,2,17,Mastercard,9,No
C00919,43,Female,Alexandria,Premium,50,1,3,30,Cash,8,No
C00920,43,Male,Mansoura,Standard,20,12,4,26,Wallet,7,No
C00921,27,Female,Mansoura,Premium,10,3,5,11,Cash,5,No
C00922,64,Male,Tanta,Premium,10,6,1,21,Visa,6,No
C00923,18,Female,Giza,Basic,50,3,0,24,Wallet,1,No
C00924,64,Male,Giza,Standard,20,6,7,27,Visa,2,No
C00925,54,Female,Cairo,Premium,30,12,8,12,Mastercard,2,Yes
C00926,57,Male,Alexandria,Standard,50,6,0,29,Cash,10,No
C00927,39,Female,Mansoura,Basic,20,1,10,16,Cash,3,Yes
C00928,42,Male,Tanta,Basic,10,12,3,22,Mastercard,4,No
C00929,51,Female,Cairo,Premium,20,12,4,27,Mastercard,8,No
C00930,61,Male,Giza,Basic,10,3,10,10,Wallet,1,Yes
C00931,30,Female,Alexandria,Basic,10,12,0,15,Visa,6,No
C00932,47,Female,Tanta,Premium,10,1,8,24,Mastercard,2,Yes
C00933,41,Male,Tanta,Standard,30,6,9,5,Wallet,8,Yes
C00934,65,Female,Cairo,Basic,20,6,1,20,Wallet,9,No
C00935,64,Male,Mansoura,Basic,10,1,3,2,Wallet,1,Yes
C00936,32,Female,Mansoura,Standard,50,12,10,28,Cash,4,Yes
C00937,32,Male,Tanta,Standard,20,3,1,21,Mastercard,5,No
C00938,40,Male,Cairo,Premium,20,12,2,26,Cash,5,No
C00939,21,Male,Tanta,Premium,10,12,8,13,Visa,4,Yes
C00940,20,Male,Mansoura,Standard,30,12,5,8,Wallet,9,No
C00941,24,Male,Alexandria,Premium,30,1,8,18,Mastercard,9,Yes
C00942,46,Female,Giza,Basic,50,6,7,27,Wallet,8,No
C00943,51,Male,Alexandria,Standard,30,1,6,26,Visa,7,No
C00944,64,Female,Alexandria,Standard,50,6,5,16,Mastercard,2,No
C00945,63,Male,Tanta,Standard,20,12,10,6,Mastercard,1,Yes
C00946,32,Male,Giza,Standard,50,12,4,28,Mastercard,2,No
C00947,18,Male,Alexandria,Standard,50,12,10,25,Mastercard,2,Yes
C00948,27,Male,Alexandria,Basic,30,12,7,11,Wallet,9,No
C00949,19,Male,Alexandria,Standard,10,12,1,9,Wallet,3,Yes
C00950,58,Female,Tanta,Premium,50,3,2,23,Cash,5,No
C00951,47,Female,Cairo,Standard,10,1,6,8,Visa,5,No
C00952,63,Male,Mansoura,Premium,30,3,1,2,Cash,3,Yes
C00953,28,Male,Cairo,Standard,10,6,4,25,Visa,5,No
C00954,36,Female,Alexandria,Standard,20,6,3,11,Visa,5,No
C00955,35,Female,Alexandria,Standard,30,6,3,30,Cash,2,No
C00956,22,Female,Alexandria,Premium,20,6,8,15,Mastercard,9,Yes
C00957,34,Male,Giza,Basic,10,12,8,27,Wallet,2,Yes
C00958,60,Female,Mansoura,Standard,50,1,7,5,Visa,1,Yes
C00959,18,Male,Tanta,Basic,10,1,0,11,Mastercard,8,No
C00960,64,Male,Giza,Basic,20,12,0,9,Mastercard,10,No
C00961,32,Male,Tanta,Premium,10,1,9,9,Mastercard,3,Yes
C00962,61,Male,Alexandria,Basic,20,12,10,7,Cash,2,Yes
C00963,56,Female,Giza,Basic,50,3,10,29,Cash,6,Yes
C00964,26,Male,Cairo,Premium,50,3,2,15,Cash,1,No
C00965,63,Female,Giza,Premium,20,1,9,9,Cash,1,Yes
C00966,62,Male,Alexandria,Basic,50,12,1,12,Wallet,9,No
C00967,51,Female,Mansoura,Premium,20,3,10,1,Wallet,9,Yes
C00968,40,Female,Tanta,Premium,20,1,1,19,Visa,5,No
C00969,25,Female,Tanta,Basic,10,12,10,25,Visa,1,Yes
C00970,45,Male,Mansoura,Basic,10,1,0,5,Cash,6,No
C00971,48,Male,Tanta,Standard,50,6,3,14,Mastercard,7,No
C00972,61,Male,Giza,Basic,50,6,5,23,Wallet,9,No
C00973,44,Male,Giza,Premium,10,6,4,22,Wallet,8,No
C00974,30,Female,Alexandria,Basic,10,6,2,26,Wallet,8,No
C00975,65,Male,Cairo,Premium,10,3,6,21,Mastercard,1,No
C00976,39,Male,Tanta,Basic,20,3,10,11,Wallet,6,Yes
C00977,47,Male,Cairo,Premium,30,3,6,21,Visa,9,No
C00978,54,Female,Tanta,Standard,10,3,1,10,Wallet,1,No
C00979,59,Male,Tanta,Standard,10,3,1,9,Mastercard,8,No
C00980,40,Male,Cairo,Premium,30,3,7,24,Visa,7,No
C00981,29,Male,Tanta,Standard,20,6,5,11,Visa,2,No
C00982,46,Female,Tanta,Standard,30,12,2,27,Visa,3,No
C00983,29,Female,Tanta,Premium,10,1,4,1,Cash,6,No
C00984,64,Female,Cairo,Premium,20,12,5,22,Visa,10,No
C00985,54,Female,Tanta,Standard,50,6,1,6,Visa,5,No
C00986,41,Male,Tanta,Premium,30,6,9,10,Wallet,1,Yes
C00987,29,Male,Giza,Basic,20,12,4,14,Wallet,2,No
C00988,32,Male,Giza,Standard,50,1,5,19,Mastercard,6,No
C00989,37,Male,Giza,Standard,30,12,0,18,Visa,2,No
C00990,31,Female,Tanta,Premium,30,1,5,8,Cash,3,Yes
C00991,35,Female,Giza,Basic,30,1,10,26,Mastercard,7,Yes
C00992,41,Male,Tanta,Premium,10,12,6,25,Mastercard,6,No
C00993,26,Female,Giza,Basic,50,6,3,29,Wallet,5,No
C00994,52,Male,Alexandria,Premium,20,3,8,8,Cash,8,Yes
C00995,61,Female,Alexandria,Basic,50,3,3,2,Mastercard,1,Yes
C00996,32,Male,Tanta,Basic,20,12,4,13,Mastercard,2,No
C00997,39,Male,Tanta,Basic,50,3,6,14,Mastercard,8,No
C00998,23,Male,Tanta,Basic,30,3,9,12,Cash,4,Yes
C00999,18,Male,Alexandria,Basic,30,12,6,16,Wallet,9,No
C01000,59,Female,Cairo,Premium,20,1,5,5,Visa,3,Yes
